{
  "training_mean": 0.630572,
  "training_std": 0.114582
}